{"cameraMode":{"drawMode":0,"name":"Shaded","section":"Shading Mode"},"sceneLighting":true,"audioPlay":false,"sceneViewState":{"showFog":true,"showMaterialUpdate":false,"showSkybox":true,"showFlares":true,"showImageEffects":true,"showParticleSystems":true},"in2DMode":false,"pivot":{"x":1.872968077659607,"y":0.8901681900024414,"z":-3.3964991569519045},"rotation":{"x":-0.21128012239933015,"y":0.6727957725524902,"z":-0.20989122986793519,"w":-0.6772593259811401},"size":10.0,"orthographic":false}